Body name,Body,"Year","School","Places Available","Applications Received by deadline","Places Offered","Looked After","Exceptional","Special Educational Needs","Sibling","Distance","Notes"
"London Borough of Redbridge","http://statistics.data.gov.uk/doc/local-authority/00BC","2008","Aldersbrook Primary School",90,82,61,0,0,1,22,38,""
"London Borough of Redbridge","http://statistics.data.gov.uk/doc/local-authority/00BC","2009","Aldersbrook Primary School",90,93,60,0,0,0,19,41,""
"London Borough of Redbridge","http://statistics.data.gov.uk/doc/local-authority/00BC","2010","Aldersbrook Primary School",90,125,90,0,0,0,30,60,""
"London Borough of Redbridge","http://statistics.data.gov.uk/doc/local-authority/00BC","2011","Aldersbrook Primary School",90,150,90,0,0,0,32,58,""
"London Borough of Redbridge","http://statistics.data.gov.uk/doc/local-authority/00BC","2012","Aldersbrook Primary School",90,169,88,0,0,0,26,62,""
"London Borough of Redbridge","http://statistics.data.gov.uk/doc/local-authority/00BC","2013","Aldersbrook Primary School",90,218,90,0,0,0,29,61,"1.702"
"London Borough of Redbridge","http://statistics.data.gov.uk/doc/local-authority/00BC","2013","Barley Lane Primary School",120,460,120,1,0,1,38,79,"0.765"
"London Borough of Redbridge","http://statistics.data.gov.uk/doc/local-authority/00BC","2012","Barley Lane Primary School",90,387,88,0,0,0,52,36,""
"London Borough of Redbridge","http://statistics.data.gov.uk/doc/local-authority/00BC","2011","Barley Lane Primary School",90,351,90,0,0,0,42,48,""
"London Borough of Redbridge","http://statistics.data.gov.uk/doc/local-authority/00BC","2010","Barley Lane Primary School",90,301,90,0,0,0,48,42,"30 additional places agreed after the initial allocations were made on 29 March 2010"
"London Borough of Redbridge","http://statistics.data.gov.uk/doc/local-authority/00BC","2009","Barley Lane Primary School",90,262,90,0,0,0,32,58,""
"London Borough of Redbridge","http://statistics.data.gov.uk/doc/local-authority/00BC","2008","Barley Lane Primary School",90,238,90,0,0,1,29,60,""
"London Borough of Redbridge","http://statistics.data.gov.uk/doc/local-authority/00BC","2008","Chadwell Primary School",60,222,59,0,0,0,24,35,""
"London Borough of Redbridge","http://statistics.data.gov.uk/doc/local-authority/00BC","2009","Chadwell Primary School",60,229,60,0,0,0,30,30,""
"London Borough of Redbridge","http://statistics.data.gov.uk/doc/local-authority/00BC","2010","Chadwell Primary School",60,273,60,0,0,0,31,29,""
"London Borough of Redbridge","http://statistics.data.gov.uk/doc/local-authority/00BC","2011","Chadwell Primary School",60,306,60,0,0,0,25,35,""
"London Borough of Redbridge","http://statistics.data.gov.uk/doc/local-authority/00BC","2012","Chadwell Primary School",60,375,61,0,0,0,30,31,""
"London Borough of Redbridge","http://statistics.data.gov.uk/doc/local-authority/00BC","2013","Chadwell Primary School",90,392,90,0,0,0,27,63,"0.696"
"London Borough of Redbridge","http://statistics.data.gov.uk/doc/local-authority/00BC","2013","Christchurch Primary School",150,638,150,0,0,3,67,80,"0.416"
"London Borough of Redbridge","http://statistics.data.gov.uk/doc/local-authority/00BC","2012","Christchurch Primary School",150,585,147,0,0,1,55,91,""
"London Borough of Redbridge","http://statistics.data.gov.uk/doc/local-authority/00BC","2011","Christchurch Primary School",120,565,120,0,0,1,70,48,"30 additional places agreed after the initial allocations were made on 04 April 2011"
"London Borough of Redbridge","http://statistics.data.gov.uk/doc/local-authority/00BC","2010","Christchurch Primary School",120,406,120,1,0,1,39,79,""
"London Borough of Redbridge","http://statistics.data.gov.uk/doc/local-authority/00BC","2009","Christchurch Primary School",116,367,116,0,0,2,45,69,""
"London Borough of Redbridge","http://statistics.data.gov.uk/doc/local-authority/00BC","2008","Christchurch Primary School",90,241,90,0,1,2,41,46,""
"London Borough of Redbridge","http://statistics.data.gov.uk/doc/local-authority/00BC","2008","Churchfields Infants' School",120,312,120,0,3,1,43,73,""
"London Borough of Redbridge","http://statistics.data.gov.uk/doc/local-authority/00BC","2009","Churchfields Infants' School",120,336,120,0,1,1,41,77,""
"London Borough of Redbridge","http://statistics.data.gov.uk/doc/local-authority/00BC","2010","Churchfields Infants' School",120,355,121,0,0,0,49,72,""
"London Borough of Redbridge","http://statistics.data.gov.uk/doc/local-authority/00BC","2011","Churchfields Infants' School",120,428,119,0,0,0,53,66,""
"London Borough of Redbridge","http://statistics.data.gov.uk/doc/local-authority/00BC","2012","Churchfields Infants' School",120,502,120,0,0,0,60,60,""
"London Borough of Redbridge","http://statistics.data.gov.uk/doc/local-authority/00BC","2013","Churchfields Infants' School",120,510,121,0,0,1,61,59,"0.492"
"London Borough of Redbridge","http://statistics.data.gov.uk/doc/local-authority/00BC","2013","Cleveland Infants' School",90,333,90,0,0,0,48,42,"0.573"
"London Borough of Redbridge","http://statistics.data.gov.uk/doc/local-authority/00BC","2012","Cleveland Infants' School",90,405,91,0,0,0,62,29,""
"London Borough of Redbridge","http://statistics.data.gov.uk/doc/local-authority/00BC","2011","Cleveland Infants' School",90,421,88,1,0,0,49,38,""
"London Borough of Redbridge","http://statistics.data.gov.uk/doc/local-authority/00BC","2010","Cleveland Infants' School",90,343,90,0,0,0,40,50,""
"London Borough of Redbridge","http://statistics.data.gov.uk/doc/local-authority/00BC","2009","Cleveland Infants' School",90,304,90,0,0,0,42,48,""
"London Borough of Redbridge","http://statistics.data.gov.uk/doc/local-authority/00BC","2008","Cleveland Infants' School",90,246,90,0,0,0,45,45,""
"London Borough of Redbridge","http://statistics.data.gov.uk/doc/local-authority/00BC","2008","Coppice Primary School",60,89,57,0,0,0,21,36,""
"London Borough of Redbridge","http://statistics.data.gov.uk/doc/local-authority/00BC","2009","Coppice Primary School",60,81,53,0,0,0,21,32,""
"London Borough of Redbridge","http://statistics.data.gov.uk/doc/local-authority/00BC","2010","Coppice Primary School",60,99,60,1,0,0,21,38,""
"London Borough of Redbridge","http://statistics.data.gov.uk/doc/local-authority/00BC","2011","Coppice Primary School",90,100,90,0,0,0,32,58,""
"London Borough of Redbridge","http://statistics.data.gov.uk/doc/local-authority/00BC","2012","Coppice Primary School",60,101,61,0,0,0,31,30,""
"London Borough of Redbridge","http://statistics.data.gov.uk/doc/local-authority/00BC","2013","Coppice Primary School",60,116,54,1,0,1,20,32,"0.755"
"London Borough of Redbridge","http://statistics.data.gov.uk/doc/local-authority/00BC","2013","Cranbrook Primary School",120,499,121,0,0,2,60,59,"0.713"
"London Borough of Redbridge","http://statistics.data.gov.uk/doc/local-authority/00BC","2012","Cranbrook Primary School",120,416,123,1,0,0,59,63,""
"London Borough of Redbridge","http://statistics.data.gov.uk/doc/local-authority/00BC","2011","Cranbrook Primary School",120,369,120,0,0,0,47,73,""
"London Borough of Redbridge","http://statistics.data.gov.uk/doc/local-authority/00BC","2010","Cranbrook Primary School",120,291,119,0,0,0,35,84,""
"London Borough of Redbridge","http://statistics.data.gov.uk/doc/local-authority/00BC","2009","Cranbrook Primary School",120,300,120,0,0,0,24,96,""
"London Borough of Redbridge","http://statistics.data.gov.uk/doc/local-authority/00BC","2008","Cranbrook Primary School",120,230,91,1,0,0,1,89,""
"London Borough of Redbridge","http://statistics.data.gov.uk/doc/local-authority/00BC","2008","Downshall Primary School",60,185,60,0,0,1,28,31,""
"London Borough of Redbridge","http://statistics.data.gov.uk/doc/local-authority/00BC","2009","Downshall Primary School",86,214,86,0,0,0,32,54,""
"London Borough of Redbridge","http://statistics.data.gov.uk/doc/local-authority/00BC","2010","Downshall Primary School",60,249,60,0,0,0,30,30,""
"London Borough of Redbridge","http://statistics.data.gov.uk/doc/local-authority/00BC","2011","Downshall Primary School",60,283,60,0,0,0,25,35,""
"London Borough of Redbridge","http://statistics.data.gov.uk/doc/local-authority/00BC","2012","Downshall Primary School",60,297,60,1,0,0,31,28,""
"London Borough of Redbridge","http://statistics.data.gov.uk/doc/local-authority/00BC","2013","Downshall Primary School",90,279,90,0,0,0,36,54,"0.249"
"London Borough of Redbridge","http://statistics.data.gov.uk/doc/local-authority/00BC","2013","Fairlop Primary School",90,239,90,0,0,0,34,56,"1.018"
"London Borough of Redbridge","http://statistics.data.gov.uk/doc/local-authority/00BC","2012","Fairlop Primary School",90,216,91,0,0,0,24,67,""
"London Borough of Redbridge","http://statistics.data.gov.uk/doc/local-authority/00BC","2011","Fairlop Primary School",90,204,90,0,0,0,32,58,""
"London Borough of Redbridge","http://statistics.data.gov.uk/doc/local-authority/00BC","2010","Fairlop Primary School",90,149,90,0,0,0,36,54,""
"London Borough of Redbridge","http://statistics.data.gov.uk/doc/local-authority/00BC","2009","Fairlop Primary School",90,150,90,0,0,0,29,61,""
"London Borough of Redbridge","http://statistics.data.gov.uk/doc/local-authority/00BC","2008","Fairlop Primary School",90,161,90,0,0,0,45,45,""
"London Borough of Redbridge","http://statistics.data.gov.uk/doc/local-authority/00BC","2008","Farnham Green Primary School",60,117,53,0,1,0,29,23,""
"London Borough of Redbridge","http://statistics.data.gov.uk/doc/local-authority/00BC","2009","Farnham Green Primary School",86,131,57,0,0,1,30,26,""
"London Borough of Redbridge","http://statistics.data.gov.uk/doc/local-authority/00BC","2010","Farnham Green Primary School",60,152,60,0,0,0,33,27,""
"London Borough of Redbridge","http://statistics.data.gov.uk/doc/local-authority/00BC","2011","Farnham Green Primary School",90,163,90,1,0,0,32,57,""
"London Borough of Redbridge","http://statistics.data.gov.uk/doc/local-authority/00BC","2012","Farnham Green Primary School",90,169,92,0,0,0,34,58,""
"London Borough of Redbridge","http://statistics.data.gov.uk/doc/local-authority/00BC","2013","Farnham Green Primary School",90,164,82,0,0,1,28,53,"1.839"
"London Borough of Redbridge","http://statistics.data.gov.uk/doc/local-authority/00BC","2013","Fullwood Primary School",60,344,60,0,0,0,24,35,"0.667"
"London Borough of Redbridge","http://statistics.data.gov.uk/doc/local-authority/00BC","2012","Fullwood Primary School",60,331,61,0,0,0,26,35,""
"London Borough of Redbridge","http://statistics.data.gov.uk/doc/local-authority/00BC","2011","Fullwood Primary School",60,321,60,0,0,0,19,41,""
"London Borough of Redbridge","http://statistics.data.gov.uk/doc/local-authority/00BC","2010","Fullwood Primary School",60,160,60,0,0,0,24,36,""
"London Borough of Redbridge","http://statistics.data.gov.uk/doc/local-authority/00BC","2009","Fullwood Primary School",60,145,57,1,0,0,13,43,""
"London Borough of Redbridge","http://statistics.data.gov.uk/doc/local-authority/00BC","2008","Fullwood Primary School",45,117,45,0,0,1,19,25,""
"London Borough of Redbridge","http://statistics.data.gov.uk/doc/local-authority/00BC","2008","Gearies Infants' School",90,257,89,0,0,0,42,47,""
"London Borough of Redbridge","http://statistics.data.gov.uk/doc/local-authority/00BC","2009","Gearies Infants' School",90,236,90,0,0,0,32,58,""
"London Borough of Redbridge","http://statistics.data.gov.uk/doc/local-authority/00BC","2010","Gearies Infants' School",90,273,91,0,0,0,38,53,""
"London Borough of Redbridge","http://statistics.data.gov.uk/doc/local-authority/00BC","2011","Gearies Infants' School",90,324,90,0,0,0,35,55,""
"London Borough of Redbridge","http://statistics.data.gov.uk/doc/local-authority/00BC","2012","Gearies Infants' School",90,361,91,0,0,0,37,54,""
"London Borough of Redbridge","http://statistics.data.gov.uk/doc/local-authority/00BC","2013","Gearies Infants' School",90,395,90,0,0,1,29,60,"0.842"
"London Borough of Redbridge","http://statistics.data.gov.uk/doc/local-authority/00BC","2013","Gilbert Colvin Primary School",60,127,55,0,0,0,17,38,"3.338"
"London Borough of Redbridge","http://statistics.data.gov.uk/doc/local-authority/00BC","2012","Gilbert Colvin Primary School",60,146,61,0,0,0,29,32,""
"London Borough of Redbridge","http://statistics.data.gov.uk/doc/local-authority/00BC","2011","Gilbert Colvin Primary School",60,167,60,0,0,1,18,41,""
"London Borough of Redbridge","http://statistics.data.gov.uk/doc/local-authority/00BC","2010","Gilbert Colvin Primary School",60,158,60,0,0,1,22,37,""
"London Borough of Redbridge","http://statistics.data.gov.uk/doc/local-authority/00BC","2009","Gilbert Colvin Primary School",60,178,60,0,0,0,17,43,""
"London Borough of Redbridge","http://statistics.data.gov.uk/doc/local-authority/00BC","2008","Gilbert Colvin Primary School",60,175,60,0,0,0,29,31,""
"London Borough of Redbridge","http://statistics.data.gov.uk/doc/local-authority/00BC","2008","Glade Primary School",60,84,45,0,0,0,19,26,""
"London Borough of Redbridge","http://statistics.data.gov.uk/doc/local-authority/00BC","2009","Glade Primary School",60,122,52,0,0,0,24,28,""
"London Borough of Redbridge","http://statistics.data.gov.uk/doc/local-authority/00BC","2010","Glade Primary School",60,110,52,0,0,0,22,30,""
"London Borough of Redbridge","http://statistics.data.gov.uk/doc/local-authority/00BC","2011","Glade Primary School",60,136,59,0,0,0,22,37,""
"London Borough of Redbridge","http://statistics.data.gov.uk/doc/local-authority/00BC","2012","Glade Primary School",60,157,62,0,0,0,23,39,""
"London Borough of Redbridge","http://statistics.data.gov.uk/doc/local-authority/00BC","2013","Glade Primary School",60,158,60,0,0,0,30,30,"2.378"
"London Borough of Redbridge","http://statistics.data.gov.uk/doc/local-authority/00BC","2013","Goodmayes Primary School",90,339,91,0,0,1,40,50,"0.433"
"London Borough of Redbridge","http://statistics.data.gov.uk/doc/local-authority/00BC","2012","Goodmayes Primary School",90,324,90,0,0,0,34,56,""
"London Borough of Redbridge","http://statistics.data.gov.uk/doc/local-authority/00BC","2011","Goodmayes Primary School",90,314,90,0,0,0,34,56,""
"London Borough of Redbridge","http://statistics.data.gov.uk/doc/local-authority/00BC","2010","Goodmayes Primary School",90,238,90,1,0,0,39,50,""
"London Borough of Redbridge","http://statistics.data.gov.uk/doc/local-authority/00BC","2009","Goodmayes Primary School",90,170,90,0,0,1,23,66,""
"London Borough of Redbridge","http://statistics.data.gov.uk/doc/local-authority/00BC","2008","Goodmayes Primary School",90,141,90,0,0,0,28,62,""
"London Borough of Redbridge","http://statistics.data.gov.uk/doc/local-authority/00BC","2008","Gordon Infants' School",60,93,31,0,0,0,10,21,""
"London Borough of Redbridge","http://statistics.data.gov.uk/doc/local-authority/00BC","2009","Gordon Infants' School",60,159,60,0,0,1,18,41,""
"London Borough of Redbridge","http://statistics.data.gov.uk/doc/local-authority/00BC","2010","Gordon Infants' School",60,182,59,0,0,0,11,48,""
"London Borough of Redbridge","http://statistics.data.gov.uk/doc/local-authority/00BC","2011","Gordon Infants' School",60,248,60,0,0,0,9,51,""
"London Borough of Redbridge","http://statistics.data.gov.uk/doc/local-authority/00BC","2012","Gordon Infants' School",60,197,59,0,0,1,17,41,""
"London Borough of Redbridge","http://statistics.data.gov.uk/doc/local-authority/00BC","2013","Gordon Infants' School",60,208,59,0,0,0,14,45,"1.536"
"London Borough of Redbridge","http://statistics.data.gov.uk/doc/local-authority/00BC","2013","Grove Primary School",90,301,90,1,0,0,31,58,"0.475"
"London Borough of Redbridge","http://statistics.data.gov.uk/doc/local-authority/00BC","2012","Grove Primary School",90,267,89,2,0,0,19,68,""
"London Borough of Redbridge","http://statistics.data.gov.uk/doc/local-authority/00BC","2011","Grove Primary School",60,269,60,0,0,0,34,26,""
"London Borough of Redbridge","http://statistics.data.gov.uk/doc/local-authority/00BC","2010","Grove Primary School",90,210,90,0,0,0,31,59,""
"London Borough of Redbridge","http://statistics.data.gov.uk/doc/local-authority/00BC","2009","Grove Primary School",60,180,60,1,0,0,25,34,""
"London Borough of Redbridge","http://statistics.data.gov.uk/doc/local-authority/00BC","2008","Grove Primary School",60,166,60,1,1,1,16,41,""
"London Borough of Redbridge","http://statistics.data.gov.uk/doc/local-authority/00BC","2008","Highlands Primary School",90,190,90,0,0,2,36,52,""
"London Borough of Redbridge","http://statistics.data.gov.uk/doc/local-authority/00BC","2009","Highlands Primary School",90,232,90,0,0,0,46,44,""
"London Borough of Redbridge","http://statistics.data.gov.uk/doc/local-authority/00BC","2010","Highlands Primary School",90,245,91,0,0,0,37,54,""
"London Borough of Redbridge","http://statistics.data.gov.uk/doc/local-authority/00BC","2011","Highlands Primary School",90,314,90,0,0,0,45,45,""
"London Borough of Redbridge","http://statistics.data.gov.uk/doc/local-authority/00BC","2012","Highlands Primary School",90,336,89,0,0,0,50,39,""
"London Borough of Redbridge","http://statistics.data.gov.uk/doc/local-authority/00BC","2013","Highlands Primary School",90,278,90,1,0,1,48,40,"0.645"
"London Borough of Redbridge","http://statistics.data.gov.uk/doc/local-authority/00BC","2013","John Bramston Primary School",60,123,60,1,0,1,26,32,"3.624"
"London Borough of Redbridge","http://statistics.data.gov.uk/doc/local-authority/00BC","2012","John Bramston Primary School",60,132,59,0,0,0,25,34,""
"London Borough of Redbridge","http://statistics.data.gov.uk/doc/local-authority/00BC","2011","John Bramston Primary School",60,129,60,0,0,0,18,42,""
"London Borough of Redbridge","http://statistics.data.gov.uk/doc/local-authority/00BC","2010","John Bramston Primary School",60,86,38,0,0,0,11,27,""
"London Borough of Redbridge","http://statistics.data.gov.uk/doc/local-authority/00BC","2009","John Bramston Primary School",60,87,36,0,0,0,19,17,""
"London Borough of Redbridge","http://statistics.data.gov.uk/doc/local-authority/00BC","2008","John Bramston Primary School",60,62,31,0,0,0,10,21,""
"London Borough of Redbridge","http://statistics.data.gov.uk/doc/local-authority/00BC","2013","Loxford School Of Science & Technology",120,265,108,0,0,0,38,70,"0.93"
"London Borough of Redbridge","http://statistics.data.gov.uk/doc/local-authority/00BC","2012","Loxford School of Science & Techonology",120,177,122,0,0,0,12,110,""
"London Borough of Redbridge","http://statistics.data.gov.uk/doc/local-authority/00BC","2012","Manford Primary School",60,154,61,0,0,0,25,36,""
"London Borough of Redbridge","http://statistics.data.gov.uk/doc/local-authority/00BC","2013","Manford Primary School",60,161,60,2,0,1,24,33,"1.123"
"London Borough of Redbridge","http://statistics.data.gov.uk/doc/local-authority/00BC","2008","Manford Primary School",60,82,43,0,0,0,16,27,""
"London Borough of Redbridge","http://statistics.data.gov.uk/doc/local-authority/00BC","2009","Manford Primary School",60,95,44,0,0,0,26,18,""
"London Borough of Redbridge","http://statistics.data.gov.uk/doc/local-authority/00BC","2010","Manford Primary School",90,125,58,0,0,0,31,27,""
"London Borough of Redbridge","http://statistics.data.gov.uk/doc/local-authority/00BC","2011","Manford Primary School",60,126,60,0,0,0,27,33,""
"London Borough of Redbridge","http://statistics.data.gov.uk/doc/local-authority/00BC","2011","Mayespark Primary School",90,205,90,0,0,0,37,53,"30 additional places agreed after the initial allocations were made on 04 April 2011"
"London Borough of Redbridge","http://statistics.data.gov.uk/doc/local-authority/00BC","2010","Mayespark Primary School",90,172,90,0,0,0,35,55,"30 additional places agreed after the initial allocations were made on 29 March 2010"
"London Borough of Redbridge","http://statistics.data.gov.uk/doc/local-authority/00BC","2009","Mayespark Primary School",90,178,90,0,0,0,37,53,""
"London Borough of Redbridge","http://statistics.data.gov.uk/doc/local-authority/00BC","2008","Mayespark Primary School",90,161,90,1,0,0,49,40,""
"London Borough of Redbridge","http://statistics.data.gov.uk/doc/local-authority/00BC","2013","Mayespark Primary School",120,176,101,0,0,0,32,69,"1.168"
"London Borough of Redbridge","http://statistics.data.gov.uk/doc/local-authority/00BC","2012","Mayespark Primary School",120,194,122,1,0,1,46,74,""
"London Borough of Redbridge","http://statistics.data.gov.uk/doc/local-authority/00BC","2012","Mossford Green Primary Sch",60,158,61,0,0,0,13,48,""
"London Borough of Redbridge","http://statistics.data.gov.uk/doc/local-authority/00BC","2013","Mossford Green Primary School",60,165,41,0,0,0,14,27,"1.452"
"London Borough of Redbridge","http://statistics.data.gov.uk/doc/local-authority/00BC","2008","Mossford Green Primary School",30,74,30,0,0,1,13,16,""
"London Borough of Redbridge","http://statistics.data.gov.uk/doc/local-authority/00BC","2009","Mossford Green Primary School",30,85,29,0,0,0,7,22,""
"London Borough of Redbridge","http://statistics.data.gov.uk/doc/local-authority/00BC","2010","Mossford Green Primary School",30,94,30,0,0,0,15,15,"30 additional places agreed after the initial allocations were made on 29 March 2010"
"London Borough of Redbridge","http://statistics.data.gov.uk/doc/local-authority/00BC","2011","Mossford Green Primary School",30,157,30,0,0,0,11,19,""
"London Borough of Redbridge","http://statistics.data.gov.uk/doc/local-authority/00BC","2011","Newbury Park Primary School",120,347,120,0,0,1,56,63,""
"London Borough of Redbridge","http://statistics.data.gov.uk/doc/local-authority/00BC","2010","Newbury Park Primary School",120,258,120,0,0,0,57,63,""
"London Borough of Redbridge","http://statistics.data.gov.uk/doc/local-authority/00BC","2009","Newbury Park Primary School",120,263,120,0,0,0,51,69,""
"London Borough of Redbridge","http://statistics.data.gov.uk/doc/local-authority/00BC","2008","Newbury Park Primary School",120,217,109,1,0,0,40,68,""
"London Borough of Redbridge","http://statistics.data.gov.uk/doc/local-authority/00BC","2013","Newbury Park Primary School",120,359,120,0,0,0,49,71,"0.977"
"London Borough of Redbridge","http://statistics.data.gov.uk/doc/local-authority/00BC","2012","Newbury Park Primary School",120,347,123,0,0,0,45,78,""
"London Borough of Redbridge","http://statistics.data.gov.uk/doc/local-authority/00BC","2012","Nightingale Primary School",90,444,91,0,0,0,47,44,""
"London Borough of Redbridge","http://statistics.data.gov.uk/doc/local-authority/00BC","2013","Nightingale Primary School",90,467,90,0,0,0,39,51,"0.802"
"London Borough of Redbridge","http://statistics.data.gov.uk/doc/local-authority/00BC","2008","Nightingale Primary School",90,176,90,0,0,0,19,71,""
"London Borough of Redbridge","http://statistics.data.gov.uk/doc/local-authority/00BC","2009","Nightingale Primary School",90,192,80,0,0,0,22,58,""
"London Borough of Redbridge","http://statistics.data.gov.uk/doc/local-authority/00BC","2010","Nightingale Primary School",90,237,90,0,0,1,23,66,""
"London Borough of Redbridge","http://statistics.data.gov.uk/doc/local-authority/00BC","2011","Nightingale Primary School",90,380,88,0,0,0,45,43,""
"London Borough of Redbridge","http://statistics.data.gov.uk/doc/local-authority/00BC","2011","Oakdale Infants' School",90,301,90,0,0,0,29,61,""
"London Borough of Redbridge","http://statistics.data.gov.uk/doc/local-authority/00BC","2010","Oakdale Infants' School",90,270,90,0,0,1,40,49,""
"London Borough of Redbridge","http://statistics.data.gov.uk/doc/local-authority/00BC","2009","Oakdale Infants' School",90,252,90,0,0,0,24,66,""
"London Borough of Redbridge","http://statistics.data.gov.uk/doc/local-authority/00BC","2008","Oakdale Infants' School",90,216,90,0,0,0,20,70,""
"London Borough of Redbridge","http://statistics.data.gov.uk/doc/local-authority/00BC","2013","Oakdale Infants' School",90,382,90,1,0,2,23,64,"1.113"
"London Borough of Redbridge","http://statistics.data.gov.uk/doc/local-authority/00BC","2012","Oakdale Infants' School",90,427,90,0,0,0,40,50,""
"London Borough of Redbridge","http://statistics.data.gov.uk/doc/local-authority/00BC","2012","Parkhill Infants' School",90,291,88,0,0,0,39,49,""
"London Borough of Redbridge","http://statistics.data.gov.uk/doc/local-authority/00BC","2013","Parkhill Infants' School",90,261,90,1,0,2,41,46,"0.84"
"London Borough of Redbridge","http://statistics.data.gov.uk/doc/local-authority/00BC","2008","Parkhill Infants' School",90,205,90,0,0,1,51,38,""
"London Borough of Redbridge","http://statistics.data.gov.uk/doc/local-authority/00BC","2009","Parkhill Infants' School",90,220,90,0,0,0,32,58,""
"London Borough of Redbridge","http://statistics.data.gov.uk/doc/local-authority/00BC","2010","Parkhill Infants' School",90,232,90,0,0,0,31,59,""
"London Borough of Redbridge","http://statistics.data.gov.uk/doc/local-authority/00BC","2011","Parkhill Infants' School",120,290,119,0,0,1,41,77,""
"London Borough of Redbridge","http://statistics.data.gov.uk/doc/local-authority/00BC","2011","Ray Lodge Primary School",90,61,88,0,0,0,20,68,""
"London Borough of Redbridge","http://statistics.data.gov.uk/doc/local-authority/00BC","2010","Ray Lodge Primary School",90,61,41,0,0,0,25,16,""
"London Borough of Redbridge","http://statistics.data.gov.uk/doc/local-authority/00BC","2009","Ray Lodge Primary School",90,55,43,0,0,0,20,23,""
"London Borough of Redbridge","http://statistics.data.gov.uk/doc/local-authority/00BC","2008","Ray Lodge Primary School",90,63,49,0,0,0,17,32,""
"London Borough of Redbridge","http://statistics.data.gov.uk/doc/local-authority/00BC","2013","Ray Lodge Primary School",90,104,89,0,0,0,21,68,"1.392"
"London Borough of Redbridge","http://statistics.data.gov.uk/doc/local-authority/00BC","2012","Ray Lodge Primary School",90,78,90,0,0,0,20,70,""
"London Borough of Redbridge","http://statistics.data.gov.uk/doc/local-authority/00BC","2012","Redbridge Primary School",90,267,90,0,0,0,37,53,""
"London Borough of Redbridge","http://statistics.data.gov.uk/doc/local-authority/00BC","2013","Redbridge Primary School",90,328,90,1,0,1,38,50,"0.755"
"London Borough of Redbridge","http://statistics.data.gov.uk/doc/local-authority/00BC","2008","Redbridge Primary School",90,128,88,0,0,0,28,60,""
"London Borough of Redbridge","http://statistics.data.gov.uk/doc/local-authority/00BC","2009","Redbridge Primary School",90,155,90,0,0,0,39,51,""
"London Borough of Redbridge","http://statistics.data.gov.uk/doc/local-authority/00BC","2010","Redbridge Primary School",90,170,90,0,0,0,37,53,""
"London Borough of Redbridge","http://statistics.data.gov.uk/doc/local-authority/00BC","2011","Redbridge Primary School",90,276,90,1,0,0,34,55,""
"London Borough of Redbridge","http://statistics.data.gov.uk/doc/local-authority/00BC","2011","Roding Primary School",60,116,60,0,0,2,19,39,""
"London Borough of Redbridge","http://statistics.data.gov.uk/doc/local-authority/00BC","2010","Roding Primary School",60,101,60,0,0,7,27,26,"30 additional places agreed after the initial allocations were made on 29 March 2010"
"London Borough of Redbridge","http://statistics.data.gov.uk/doc/local-authority/00BC","2009","Roding Primary School",60,107,60,0,0,3,21,36,""
"London Borough of Redbridge","http://statistics.data.gov.uk/doc/local-authority/00BC","2008","Roding Primary School",60,105,60,0,0,0,22,38,""
"London Borough of Redbridge","http://statistics.data.gov.uk/doc/local-authority/00BC","2013","Roding Primary School",60,125,60,0,0,3,16,41,"1.202"
"London Borough of Redbridge","http://statistics.data.gov.uk/doc/local-authority/00BC","2012","Roding Primary School",60,123,58,0,0,1,23,34,""
"London Borough of Redbridge","http://statistics.data.gov.uk/doc/local-authority/00BC","2012","Snaresbrook Primary School",60,357,60,0,0,0,26,34,""
"London Borough of Redbridge","http://statistics.data.gov.uk/doc/local-authority/00BC","2013","Snaresbrook Primary School",60,393,60,0,0,2,18,40,"1.011"
"London Borough of Redbridge","http://statistics.data.gov.uk/doc/local-authority/00BC","2008","Snaresbrook Primary School",60,267,60,0,1,0,21,38,""
"London Borough of Redbridge","http://statistics.data.gov.uk/doc/local-authority/00BC","2009","Snaresbrook Primary School",60,256,60,0,0,0,26,34,""
"London Borough of Redbridge","http://statistics.data.gov.uk/doc/local-authority/00BC","2010","Snaresbrook Primary School",60,304,60,0,1,0,28,31,""
"London Borough of Redbridge","http://statistics.data.gov.uk/doc/local-authority/00BC","2011","Snaresbrook Primary School",60,325,60,0,0,1,21,38,""
"London Borough of Redbridge","http://statistics.data.gov.uk/doc/local-authority/00BC","2011","South Park Primary School",90,311,90,0,0,0,48,42,""
"London Borough of Redbridge","http://statistics.data.gov.uk/doc/local-authority/00BC","2010","South Park Primary School",90,265,90,1,0,0,40,49,""
"London Borough of Redbridge","http://statistics.data.gov.uk/doc/local-authority/00BC","2009","South Park Primary School",90,254,90,0,0,0,46,44,""
"London Borough of Redbridge","http://statistics.data.gov.uk/doc/local-authority/00BC","2008","South Park Primary School",90,192,90,1,0,0,28,61,""
"London Borough of Redbridge","http://statistics.data.gov.uk/doc/local-authority/00BC","2013","South Park Primary School",90,271,90,0,0,0,46,44,"0.602"
"London Borough of Redbridge","http://statistics.data.gov.uk/doc/local-authority/00BC","2012","South Park Primary School",90,270,89,0,0,0,44,45,""
"London Borough of Redbridge","http://statistics.data.gov.uk/doc/local-authority/00BC","2012","Uphall Primary School",120,316,117,0,0,0,59,58,""
"London Borough of Redbridge","http://statistics.data.gov.uk/doc/local-authority/00BC","2013","Uphall Primary School",120,285,120,0,0,2,62,56,"0.412"
"London Borough of Redbridge","http://statistics.data.gov.uk/doc/local-authority/00BC","2008","Uphall Primary School",120,200,120,0,0,0,60,60,""
"London Borough of Redbridge","http://statistics.data.gov.uk/doc/local-authority/00BC","2009","Uphall Primary School",120,223,120,1,0,0,50,69,""
"London Borough of Redbridge","http://statistics.data.gov.uk/doc/local-authority/00BC","2010","Uphall Primary School",120,271,120,0,0,0,53,67,""
"London Borough of Redbridge","http://statistics.data.gov.uk/doc/local-authority/00BC","2011","Uphall Primary School",120,344,120,0,0,0,69,51,""
"London Borough of Redbridge","http://statistics.data.gov.uk/doc/local-authority/00BC","2011","Wells Primary School",45,196,45,0,0,0,17,28,""
"London Borough of Redbridge","http://statistics.data.gov.uk/doc/local-authority/00BC","2010","Wells Primary School",45,162,44,0,0,0,10,34,""
"London Borough of Redbridge","http://statistics.data.gov.uk/doc/local-authority/00BC","2009","Wells Primary School",45,138,45,0,0,0,15,30,""
"London Borough of Redbridge","http://statistics.data.gov.uk/doc/local-authority/00BC","2008","Wells Primary School",45,148,45,1,0,0,20,24,""
"London Borough of Redbridge","http://statistics.data.gov.uk/doc/local-authority/00BC","2013","Wells Primary School",45,291,45,0,0,0,23,22,"1.011"
"London Borough of Redbridge","http://statistics.data.gov.uk/doc/local-authority/00BC","2012","Wells Primary School",45,244,45,0,0,0,21,24,""
"London Borough of Redbridge","http://statistics.data.gov.uk/doc/local-authority/00BC","2012","William Torbitt Primary School",90,231,91,0,0,0,37,54,""
"London Borough of Redbridge","http://statistics.data.gov.uk/doc/local-authority/00BC","2013","William Torbitt Primary School",90,193,90,0,0,0,40,50,"2.351"
"London Borough of Redbridge","http://statistics.data.gov.uk/doc/local-authority/00BC","2008","William Torbitt Primary School",90,180,90,0,0,1,30,59,""
"London Borough of Redbridge","http://statistics.data.gov.uk/doc/local-authority/00BC","2009","William Torbitt Primary School",90,198,90,0,0,0,43,47,""
"London Borough of Redbridge","http://statistics.data.gov.uk/doc/local-authority/00BC","2010","William Torbitt Primary School",90,166,91,0,0,0,37,54,""
"London Borough of Redbridge","http://statistics.data.gov.uk/doc/local-authority/00BC","2011","William Torbitt Primary School",90,224,90,0,0,0,31,59,""
"London Borough of Redbridge","http://statistics.data.gov.uk/doc/local-authority/00BC","2012","Winston Way Primary",90,429,88,0,0,0,46,42,""
"London Borough of Redbridge","http://statistics.data.gov.uk/doc/local-authority/00BC","2013","Winston Way Primary School",90,433,90,0,0,0,36,54,"0.585"
"London Borough of Redbridge","http://statistics.data.gov.uk/doc/local-authority/00BC","2011","Winston Way Primary School",90,462,90,1,0,1,54,34,""
"London Borough of Redbridge","http://statistics.data.gov.uk/doc/local-authority/00BC","2010","Winston Way Primary School",90,315,90,0,0,0,43,47,""
"London Borough of Redbridge","http://statistics.data.gov.uk/doc/local-authority/00BC","2009","Winston Way Primary School",90,273,90,0,0,0,25,65,""
"London Borough of Redbridge","http://statistics.data.gov.uk/doc/local-authority/00BC","2008","Winston Way Primary School",90,182,77,0,0,0,3,74,""
"London Borough of Redbridge","http://statistics.data.gov.uk/doc/local-authority/00BC","2008","Woodlands Infants' School",120,203,109,0,0,1,42,66,""
"London Borough of Redbridge","http://statistics.data.gov.uk/doc/local-authority/00BC","2009","Woodlands Infants' School",120,244,120,0,0,0,73,47,""
"London Borough of Redbridge","http://statistics.data.gov.uk/doc/local-authority/00BC","2010","Woodlands Infants' School",120,238,120,0,0,1,54,65,""
"London Borough of Redbridge","http://statistics.data.gov.uk/doc/local-authority/00BC","2011","Woodlands Infants' School",120,354,118,0,0,1,63,54,""
"London Borough of Redbridge","http://statistics.data.gov.uk/doc/local-authority/00BC","2013","Woodlands Infants' School",120,259,120,0,0,2,40,78,"1.035"
"London Borough of Redbridge","http://statistics.data.gov.uk/doc/local-authority/00BC","2012","Woodlands Infants' School",120,307,119,0,0,0,58,61,""
